{"options":{},"indexes":[{"v":2,"key":{"_id":1},"name":"_id_","ns":"medical_tourism_DB.doctors"},{"v":2,"unique":true,"key":{"phone":1},"name":"phone_1","ns":"medical_tourism_DB.doctors","background":true},{"v":2,"unique":true,"key":{"reg_no":1},"name":"reg_no_1","ns":"medical_tourism_DB.doctors","background":true},{"v":2,"key":{"email":1},"name":"email_1","ns":"medical_tourism_DB.doctors","background":true},{"v":2,"key":{"specialization":1},"name":"specialization_1","ns":"medical_tourism_DB.doctors","background":true},{"v":2,"key":{"_fts":"text","_ftsx":1},"name":"$**_text","weights":{"$**":1},"language_override":"language","background":true,"default_language":"english","ns":"medical_tourism_DB.doctors","textIndexVersion":3}],"uuid":"6c8196f8d45a4fa2b2ccb13ba909ddc0"}